Question,Categories
The question you provided is not quite accurate,['Description']
What soil pH is ideal for the growth of plant X?,['Soil Requirements']
Can you list the medicinal benefits of consuming plant X?,"['Medicinal Properties', 'Benefits']"
What are the best techniques to propagate plant X during the spring?,"['Cultivation Techniques', 'Seasonal Variations']"
Which pests are most likely to cause problems for plant X and how can they be controlled?,['Pests and Diseases']
Is plant X known for any particular pharmacological use in treating diseases?,"['Medicinal Properties', 'Pharmacological Properties']"
How often should plant X be watered in a temperate climate?,"['Water Requirements', 'Seasonal Variations']"
What are the light requirements for maintaining the health of plant X?,['Light Conditions']
"Can plant X be used in any dishes, and if so, how?",['Edible Properties']
What fertilizers are most beneficial for the flowering stage of plant X?,"['Fertilization Requirements', 'Growth Habit']"
Can you provide a detailed description of plant X's typical appearance and characteristics?,['Description']
Does plant X require special care during winter?,['Seasonal Variations']
What are some common uses of plant X in traditional medicine?,['Medicinal Properties']
How does plant X adapt to low water conditions?,['Water Requirements']
Can plant X thrive in shaded areas?,['Light Conditions']
What type of pests commonly infest plant X?,['Pests and Diseases']
Is plant X effective for treating any specific health conditions?,['Medicinal Properties']
What are the ideal temperature conditions for plant X's growth?,['Seasonal Variations']
How does the root system of plant X affect its soil needs?,['Soil Requirements']
Can plant X be grown indoors?,['Light Conditions']
What are the nutritional benefits of plant X?,"['Edible Properties', 'Benefits']"
How to identify and treat fungal diseases in plant X?,['Pests and Diseases']
What are the propagation methods for plant X?,['Cultivation Techniques']
How does plant X respond to organic vs chemical fertilizers?,['Fertilization Requirements']
What are the flowering habits of plant X?,['Growth Habit']
How can plant X be used in landscape design?,"['Benefits', 'Description']"
Does plant X have any special requirements for pruning?,['Cultivation Techniques']
What are the historical uses of plant X?,"['Medicinal Properties', 'Description']"
How fast does plant X grow?,['Growth Habit']
What are the common allergens in plant X?,['Medicinal Properties']
Can plant X be used in herbal teas?,"['Edible Properties', 'Medicinal Properties']"
What are the ecological benefits of planting X?,['Benefits']
Does plant X have any significance in cultural practices or rituals?,['Description']
How do changes in humidity affect plant X?,['Seasonal Variations']
Can you list some DIY pest control tips for plant X?,['Pests and Diseases']
What are the signs of overwatering in plant X?,['Water Requirements']
What are the best companion plants for plant X?,['Cultivation Techniques']
Is there a recommended soil mix for potting plant X?,['Soil Requirements']
How does plant X interact with wildlife in its environment?,['Benefits']
What is the shelf life of harvested plant X?,['Edible Properties']
Does plant X have any varieties known for better medicinal effects?,"['Medicinal Properties', 'Description']"
What is the typical lifespan of plant X?,['Growth Habit']
What are the signs of nutrient deficiency in plant X?,['Fertilization Requirements']
Can plant X survive frost conditions?,['Seasonal Variations']
How to increase blooming in plant X?,"['Cultivation Techniques', 'Fertilization Requirements']"
What part of plant X is used for medicinal purposes?,['Medicinal Properties']
How does plant X help in soil erosion control?,['Benefits']
What are the common myths about the care of plant X?,"['Cultivation Techniques', 'Pests and Diseases']"
Can plant X be toxic to pets?,['Pests and Diseases']
How often should plant X be repotted?,['Cultivation Techniques']
Does plant X require cross-pollination to bear fruit?,['Cultivation Techniques']
What are the primary reasons for the wilting of plant X?,"['Pests and Diseases', 'Water Requirements']"
Can plant X be used in cosmetics?,['Benefits']
What are the economic benefits of cultivating plant X commercially?,['Benefits']
How should dead leaves on plant X be handled?,['Cultivation Techniques']
What type of pruning is best for plant X?,['Cultivation Techniques']
How does water quality affect the health of plant X?,['Water Requirements']
What are the preventive measures for rust disease in plant X?,['Pests and Diseases']
Can plant X be grown from cuttings?,['Cultivation Techniques']
What are the key factors to consider when growing plant X commercially?,"['Cultivation Techniques', 'Economic Aspects']"
Does plant X require special care during its dormant period?,['Seasonal Variations']
How does plant X contribute to biodiversity?,['Benefits']
What are the challenges in harvesting plant X?,['Cultivation Techniques']
How does plant X adapt to urban environments?,['Growth Habit']
Can plant X be used as a natural pesticide?,['Benefits']
What is the impact of long daylight hours on plant X?,['Light Conditions']
How do temperature fluctuations affect the growth of plant X?,['Seasonal Variations']
What are the ethical considerations in cultivating plant X?,['Cultivation Techniques']
What legal restrictions apply to growing plant X?,['Cultivation Techniques']
Can plant X be propagated via tissue culture?,['Cultivation Techniques']
What are the latest research findings on plant X?,['Description']
How is plant X used in alternative medicine?,['Medicinal Properties']
What safety precautions should be taken when handling plant X?,['Pests and Diseases']
What are the water conservation techniques for plant X?,['Water Requirements']
Can plant X be used as a cover crop?,['Cultivation Techniques']
What are the environmental impacts of cultivating plant X?,"['Benefits', 'Environmental Impact']"
How do different soil types affect the growth of plant X?,['Soil Requirements']
What are the traditional uses of plant X in local cultures?,"['Cultural Uses', 'Description']"
How to identify quality seeds of plant X for planting?,['Cultivation Techniques']
What are the best practices for storing plant X after harvest?,['Post-Harvest']
Can plant X be affected by climate change?,"['Seasonal Variations', 'Environmental Impact']"
How does plant X benefit the local ecosystem?,['Benefits']
What are the innovative uses of plant X in modern industries?,"['Benefits', 'Industrial Uses']"
How to manage overgrowth of plant X in a garden?,['Cultivation Techniques']
What are the traditional cooking methods involving plant X?,['Edible Properties']
Can plant X be used to improve soil fertility?,"['Soil Requirements', 'Benefits']"
How does plant X affect local wildlife and insect populations?,"['Benefits', 'Environmental Impact']"
What specific light spectrum is most beneficial for the growth of plant X?,['Light Conditions']
What are the protocols for extracting oils from plant X for medicinal use?,"['Medicinal Properties', 'Pharmacological Properties']"
How does the leaf structure of plant X influence its water needs?,['Water Requirements']
What are the potential health risks of consuming plant X raw?,"['Edible Properties', 'Medicinal Properties']"
How to create a microclimate for plant X in a greenhouse?,"['Cultivation Techniques', 'Light Conditions']"
What are the primary active compounds found in plant X?,['Pharmacological Properties']
Can intercropping with plant X help reduce pest issues in a garden?,"['Cultivation Techniques', 'Pests and Diseases']"
What historical significance does plant X hold in herbal medicine?,"['Medicinal Properties', 'Description']"
How does plant X react to synthetic versus natural fertilizers?,['Fertilization Requirements']
What part of plant X is typically used in salads and what are its benefits?,"['Edible Properties', 'Benefits']"
How can plant X be effectively pruned to enhance fruit production?,['Cultivation Techniques']
What soil amendments are necessary for the optimal growth of plant X?,['Soil Requirements']
What are the signs that plant X is receiving too much light?,['Light Conditions']
How do changes in barometric pressure affect plant X?,['Seasonal Variations']
What are the cultural significances of plant X in different regions?,"['Cultural Uses', 'Description']"
How can plant X be used to promote local biodiversity?,['Benefits']
What techniques are used to ensure the purity of plant X seeds?,['Cultivation Techniques']
What are the best storage conditions for plant X seeds to ensure high germination rates?,['Cultivation Techniques']
Can plant X be used as a natural dye and how?,"['Industrial Uses', 'Edible Properties']"
What are the potential commercial applications of plant X in the pharmaceutical industry?,"['Pharmacological Properties', 'Economic Aspects']"
How is plant X utilized in traditional seasonal festivities?,"['Cultural Uses', 'Edible Properties']"
What are the challenges in automating the cultivation of plant X?,['Cultivation Techniques']
What are the common misconceptions about the cultivation of plant X?,['Cultivation Techniques']
How does excessive use of pesticides on plant X affect its medicinal properties?,"['Pests and Diseases', 'Medicinal Properties']"
What are the future research directions for the medicinal use of plant X?,"['Medicinal Properties', 'Research Directions']"
What adaptations has plant X developed to survive in arid environments?,"['Growth Habit', 'Water Requirements']"
How to test soil for suitability before planting plant X?,['Soil Requirements']
What are the ecological impacts of introducing plant X into non-native environments?,"['Environmental Impact', 'Benefits']"
How to use plant X in vertical gardening systems?,['Cultivation Techniques']
What are the legal aspects of exporting plant X internationally?,"['Cultivation Techniques', 'Legal Aspects']"
How does plant X help in water conservation in arid areas?,"['Benefits', 'Water Requirements']"
What are the key factors in selecting a site for planting plant X commercially?,"['Cultivation Techniques', 'Economic Aspects']"
How does plant X interact with other plants in a permaculture system?,"['Cultivation Techniques', 'Benefits']"
What preventive measures can reduce the risk of diseases in plant X?,['Pests and Diseases']
Can plant X be used in the production of biofuels?,"['Industrial Uses', 'Benefits']"
What are the unique features of plant X that differentiate it from its relatives?,['Description']
How does the age of plant X affect its pharmacological properties?,"['Pharmacological Properties', 'Growth Habit']"
What are the specific harvesting techniques for medicinal parts of plant X?,"['Cultivation Techniques', 'Medicinal Properties']"
Can plant X be used in cosmetic products and what are the benefits?,"['Benefits', 'Industrial Uses']"
Does plant X require a lot of sunlight?,['Light Conditions']
What is the optimal temperature for growing plant X?,['Seasonal Variations']
Is plant X resistant to cold weather?,['Seasonal Variations']
How much water does plant X need weekly?,['Water Requirements']
Which type of fertilizer is best for plant X?,['Fertilization Requirements']
What diseases are common in plant X?,['Pests and Diseases']
What pests frequently attack plant X?,['Pests and Diseases']
Is plant X easy to grow for beginners?,['Cultivation Techniques']
Can plant X be grown in pots?,['Cultivation Techniques']
What are the medicinal uses of plant X?,['Medicinal Properties']
What part of plant X is edible?,['Edible Properties']
Does plant X have any health benefits?,['Benefits']
What is the growth rate of plant X?,['Growth Habit']
Does plant X have any special soil needs?,['Soil Requirements']
What pharmacological effects does plant X have?,['Pharmacological Properties']
Can plant X survive in low light conditions?,['Light Conditions']
How do you prune plant X?,['Cultivation Techniques']
What is the best season to plant X?,['Seasonal Variations']
Can plant X be used to make tea?,['Edible Properties']
What are the benefits of having plant X indoors?,['Benefits']
How often should you change the soil for plant X?,['Soil Requirements']
What nutrients does plant X provide when eaten?,['Edible Properties']
Are there any varieties of plant X that are better for medicinal use?,['Medicinal Properties']
How to identify fungal infections in plant X?,['Pests and Diseases']
Can plant X tolerate heavy rains?,['Water Requirements']
What are the signs of over-fertilization in plant X?,['Fertilization Requirements']
How long does it take for plant X to mature?,['Growth Habit']
What colors does plant X bloom?,['Description']
Does plant X need special care during blooming?,['Cultivation Techniques']
What are the natural predators of pests that affect plant X?,['Pests and Diseases']
How can you increase the yield of plant X?,['Cultivation Techniques']
What is the lifespan of plant X?,['Growth Habit']
Does plant X produce seeds?,['Reproductive Properties']
Can plant X help in detoxifying the air?,['Benefits']
What are common propagation methods for plant X?,['Cultivation Techniques']
Is plant X susceptible to root rot?,['Pests and Diseases']
What kind of support structure is needed for plant X?,['Cultivation Techniques']
Can plant X be grown without pesticides?,"['Cultivation Techniques', 'Pests and Diseases']"
What are the traditional uses of plant X in herbal remedies?,['Medicinal Properties']
Does plant X contain any allergens?,['Medicinal Properties']
What is the best way to harvest plant X?,['Cultivation Techniques']
Does plant X interact with other plants in a garden setting?,['Cultivation Techniques']
What are the specific light wavelengths preferred by plant X?,['Light Conditions']
How does plant X respond to high nutrient soils?,['Soil Requirements']
Is plant X effective in treating any skin conditions?,['Medicinal Properties']
Can plant X be toxic if consumed in large quantities?,['Edible Properties']
What are the cosmetic applications of plant X?,['Benefits']
How to deal with leaf discoloration in plant X?,['Pests and Diseases']
What aroma does plant X emit?,['Description']
Does plant X need to be acclimated to outdoor conditions?,['Cultivation Techniques']
Can plant X be propagated from leaf cuttings?,['Cultivation Techniques']
What are the signs of phosphorus deficiency in plant X?,['Fertilization Requirements']
Is plant X effective in controlling soil erosion?,['Benefits']
What type of mulch is best for plant X?,['Soil Requirements']
How does plant X react to salt stress?,['Soil Requirements']
What are the key antioxidants found in plant X?,['Pharmacological Properties']
Can plant X be used as a companion plant to deter pests?,"['Pests and Diseases', 'Cultivation Techniques']"
How much space is required between plant X in a garden?,['Cultivation Techniques']
Is plant X considered invasive in certain regions?,['Description']
How does plant X contribute to the nitrogen cycle?,['Benefits']
What are the best climates for growing plant X?,['Seasonal Variations']
How long does plant X take to germinate?,['Growth Habit']
What are the optimal conditions for storing plant X seeds?,['Cultivation Techniques']
Does plant X attract bees and butterflies?,['Benefits']
What is the impact of pruning on the growth of plant X?,['Cultivation Techniques']
Can plant X be affected by blight?,['Pests and Diseases']
What is the recommended spacing for plant X in commercial farming?,['Cultivation Techniques']
How does plant X respond to organic farming practices?,['Cultivation Techniques']
What are the early signs of dehydration in plant X?,['Water Requirements']
Is plant X known for its fast growth?,['Growth Habit']
Can plant X be grown in alkaline soil?,['Soil Requirements']
What are the unique flavors of plant X when used in cooking?,['Edible Properties']
How resistant is plant X to common fungal diseases?,['Pests and Diseases']
What are the common uses of plant X in aromatherapy?,['Benefits']
How frequently should plant X be watered during a drought?,['Water Requirements']
Does plant X require deadheading to promote growth?,['Cultivation Techniques']
What are the effects of overexposure to sunlight on plant X?,['Light Conditions']
Can plant X thrive in sandy soil?,['Soil Requirements']
What are the potential risks of growing plant X near other crops?,['Pests and Diseases']
How does transplant shock affect plant X?,['Cultivation Techniques']
What is the bloom time for plant X?,['Growth Habit']
Can plant X be used to improve air quality indoors?,['Benefits']
What are the dietary benefits of including plant X in meals?,['Edible Properties']
Is plant X suitable for xeriscaping?,['Water Requirements']
What are the ethical considerations of using plant X in products?,['Benefits']
How do variations in daylight affect the flowering of plant X?,['Light Conditions']
What is the ideal pH level for the soil of plant X?,['Soil Requirements']
Does plant X require a specific humidity level to thrive?,['Water Requirements']
What are the consequences of low fertilization on plant X?,['Fertilization Requirements']
How to monitor and adjust the growth conditions for plant X in a controlled environment?,['Cultivation Techniques']
What are the traditional methods of preserving plant X?,['Edible Properties']
Can plant X be used in the manufacturing of natural insect repellents?,['Benefits']
What is the typical seed yield for plant X?,['Cultivation Techniques']
How can the aesthetic value of plant X be maximized in landscaping?,['Description']
What are the specific challenges in organic cultivation of plant X?,['Cultivation Techniques']
Can plant X be part of a vertical farming system?,['Cultivation Techniques']
What are the pros and cons of hydroponic growing for plant X?,['Cultivation Techniques']
Does plant X contain any substances that are harmful to humans or animals?,['Medicinal Properties']
What are the best practices for harvesting plant X to ensure maximum medicinal properties?,"['Cultivation Techniques', 'Medicinal Properties']"
How can genetic variations in plant X affect its cultivation?,['Cultivation Techniques']
How is plant X affected by varying levels of soil moisture?,['Water Requirements']
What type of climate is most detrimental to the health of plant X?,['Seasonal Variations']
Does plant X require staking or support as it grows?,['Cultivation Techniques']
Can plant X be propagated through root division?,['Cultivation Techniques']
What are the most effective organic pesticides for plant X?,['Pests and Diseases']
Is plant X susceptible to any specific viral diseases?,['Pests and Diseases']
How can plant X be integrated into a rotational planting schedule?,['Cultivation Techniques']
What are the traditional culinary uses of plant X in Asia?,['Edible Properties']
How do temperature variations affect the seed germination rate of plant X?,['Seasonal Variations']
What are the best watering practices for plant X during its flowering phase?,['Water Requirements']
Does plant X have any special requirements for pruning during the summer?,['Cultivation Techniques']
How does the leaf color of plant X indicate its health?,['Description']
Can plant X be used in reducing noise pollution?,['Benefits']
What are the specific soil amendments needed for plant X to improve drainage?,['Soil Requirements']
How do you manage aphid infestations on plant X?,['Pests and Diseases']
What are the antioxidant properties of plant X?,['Pharmacological Properties']
Can plant X be used to attract pollinators in an urban garden?,['Benefits']
What are the minimal light requirements for seedlings of plant X?,['Light Conditions']
How frequently does plant X need to be fertilized during its active growth season?,['Fertilization Requirements']
What are the economic benefits of exporting plant X?,['Benefits']
Is plant X effective at improving soil fertility?,['Soil Requirements']
What are the historical uses of plant X in traditional European herbal medicine?,['Medicinal Properties']
Does plant X produce a fruit that is edible raw?,['Edible Properties']
How long does plant X take to reach full maturity from a seedling?,['Growth Habit']
What are the typical symptoms of overexposure to cold in plant X?,['Seasonal Variations']
Can plant X be affected by soil salinity?,['Soil Requirements']
What is the impact of high winds on the structural integrity of plant X?,['Cultivation Techniques']
How effective is mulching in the care of plant X?,['Cultivation Techniques']
What are the benefits of using plant X in a polyculture system?,['Benefits']
Can plant X help in combating soil erosion?,['Benefits']
What is the role of plant X in traditional Chinese medicine?,['Medicinal Properties']
How can you diagnose nutrient imbalances in plant X?,['Fertilization Requirements']
What varieties of plant X are known for their drought resistance?,['Growth Habit']
Is there any risk of plant X becoming invasive if not properly managed?,['Cultivation Techniques']
What are the common nutritional deficiencies in plant X?,['Fertilization Requirements']
Can plant X be grown as a perennial in temperate climates?,['Growth Habit']
What are the health risks associated with consuming large amounts of plant X?,['Edible Properties']
How does plant X respond to pruning in the winter months?,['Seasonal Variations']
What type of pruning is most beneficial for the flowering of plant X?,['Cultivation Techniques']
Does plant X have any varieties that are particularly pest-resistant?,['Pests and Diseases']
What are the primary uses of plant X in modern pharmacology?,['Pharmacological Properties']
How do you prepare soil for planting plant X in heavy clay soils?,['Soil Requirements']
What is the best method to harvest plant X to ensure the highest quality?,['Cultivation Techniques']
How can plant X be used in phytotherapy?,['Medicinal Properties']
What are the effects of high-altitude conditions on plant X?,['Seasonal Variations']
Does plant X have any symbiotic relationships with other plant species?,['Benefits']
What are the flavor profiles of plant X when used in culinary dishes?,['Edible Properties']
How to ensure the optimal growth of plant X in an indoor environment?,['Cultivation Techniques']
What are the potential medicinal applications of plant X in treating respiratory ailments?,['Medicinal Properties']
Can plant X be used effectively in vertical gardens?,['Cultivation Techniques']
"What soil amendments can enhance the medicinal properties of plant X, and how do these amendments affect its growth habits?","['Soil Requirements', 'Medicinal Properties', 'Growth Habit']"
How does the implementation of advanced irrigation techniques impact the water and fertilization requirements of plant X?,"['Cultivation Techniques', 'Water Requirements', 'Fertilization Requirements']"
Can you detail the process of using plant X in pharmacological studies to determine its benefits and potential side effects?,"['Cultivation Techniques', 'Pharmacological Properties', 'Benefits']"
What are the specific light and soil conditions required for plant X to maximize its yield and medicinal content?,"['Light Conditions', 'Soil Requirements', 'Medicinal Properties']"
How does seasonal variation affect the cultivation techniques and pest management strategies for plant X?,"['Seasonal Variations', 'Cultivation Techniques', 'Pests and Diseases']"
"What are the interrelationships between the water requirements, soil health, and disease resistance of plant X?","['Water Requirements', 'Soil Requirements', 'Pests and Diseases']"
"Describe the ecological benefits of integrating plant X into crop rotations, focusing on soil fertility and pest control.","['Benefits', 'Cultivation Techniques', 'Soil Requirements']"
"What challenges are faced when cultivating plant X in urban environments, particularly in relation to light conditions and air quality?","['Cultivation Techniques', 'Light Conditions', 'Description']"
How can the pharmacological properties of plant X be affected by variations in fertilization techniques and soil types?,"['Pharmacological Properties', 'Fertilization Requirements', 'Soil Requirements']"
"What methods are most effective for propagating plant X in cold climates, and what are the implications for seasonal growth and pest resistance?","['Cultivation Techniques', 'Seasonal Variations', 'Pests and Diseases']"
"Can plant X be used in managing diet-related health issues, and what are its primary nutritional and pharmacological properties?","['Edible Properties', 'Medicinal Properties', 'Pharmacological Properties']"
Discuss the impact of different watering regimes on the growth habit and disease susceptibility of plant X.,"['Water Requirements', 'Growth Habit', 'Pests and Diseases']"
"How do changes in daylight hours affect the flowering patterns, light requirements, and overall health of plant X?","['Seasonal Variations', 'Light Conditions', 'Description']"
What are the best practices for organic cultivation of plant X to ensure high medicinal value and minimal pest impact?,"['Cultivation Techniques', 'Medicinal Properties', 'Pests and Diseases']"
"How does the nutritional composition of the soil affect the edible parts of plant X, and what are the implications for human health?","['Soil Requirements', 'Edible Properties', 'Benefits']"
"What integrated pest management strategies are most effective for plant X, and how do they influence its growth and medicinal efficacy?","['Pests and Diseases', 'Growth Habit', 'Medicinal Properties']"
Describe the process of developing a hybrid variety of plant X that improves both its drought resistance and pharmacological benefits.,"['Cultivation Techniques', 'Water Requirements', 'Pharmacological Properties']"
"How does exposure to different light spectra influence the growth, flowering, and pharmacological properties of plant X?","['Light Conditions', 'Growth Habit', 'Pharmacological Properties']"
"What are the implications of climate change on the water and fertilization needs of plant X, and how can these needs be sustainably managed?","['Seasonal Variations', 'Water Requirements', 'Fertilization Requirements']"
How can the principles of permaculture be applied to enhance the edible yield and soil health of plant X?,"['Cultivation Techniques', 'Edible Properties', 'Soil Requirements']"
What are the effects of different fertilization strategies on the growth rate and pest resistance of plant X?,"['Fertilization Requirements', 'Growth Habit', 'Pests and Diseases']"
"Discuss the role of plant X in sustainable agriculture, focusing on its benefits in crop rotation and soil health.","['Benefits', 'Cultivation Techniques', 'Soil Requirements']"
How do various soil pH levels affect the medicinal compounds and overall growth of plant X?,"['Soil Requirements', 'Medicinal Properties', 'Growth Habit']"
"What are the potential benefits and risks of using plant X in traditional medicine, considering its pharmacological properties?","['Medicinal Properties', 'Benefits', 'Pharmacological Properties']"
How can genetic engineering be used to enhance the pest resistance and medicinal properties of plant X?,"['Cultivation Techniques', 'Pests and Diseases', 'Medicinal Properties']"
What are the optimal conditions for the cultivation of plant X to ensure its viability as a source of biofuel?,"['Cultivation Techniques', 'Benefits', 'Description']"
"Describe the impact of prolonged drought on the water needs, soil requirements, and pest resistance of plant X.","['Water Requirements', 'Soil Requirements', 'Pests and Diseases']"
What are the best techniques for maintaining the light conditions required for the optimal growth of plant X in greenhouse environments?,"['Cultivation Techniques', 'Light Conditions']"
How do variations in watering frequency affect the growth habit and seasonal variations of plant X?,"['Water Requirements', 'Growth Habit', 'Seasonal Variations']"
"Can plant X be effectively used in phytoremediation, and what are its impacts on soil and water requirements?","['Benefits', 'Soil Requirements', 'Water Requirements']"
What are the key factors in selecting the right fertilizer for enhancing the growth and medicinal value of plant X?,"['Fertilization Requirements', 'Growth Habit', 'Medicinal Properties']"
"How can agricultural drones be utilized to monitor the health and growth patterns of plant X, focusing on pest management and light conditions?","['Cultivation Techniques', 'Pests and Diseases', 'Light Conditions']"
"What are the challenges and benefits of growing plant X in hydroponic systems, especially regarding nutrient and light needs?","['Cultivation Techniques', 'Water Requirements', 'Light Conditions']"
"Discuss the potential for plant X to contribute to food security, detailing its cultivation, edible properties, and benefits.","['Cultivation Techniques', 'Edible Properties', 'Benefits']"
How does the texture and composition of soil affect the water absorption and root development of plant X?,"['Soil Requirements', 'Water Requirements', 'Growth Habit']"
What are the comparative benefits of synthetic versus organic fertilizers on the growth and health of plant X?,"['Fertilization Requirements', 'Growth Habit', 'Benefits']"
"Can plant X be utilized in vertical farming to enhance urban agriculture, and what are its specific light and water needs?","['Cultivation Techniques', 'Light Conditions', 'Water Requirements']"
How do seasonal temperature changes impact the pest susceptibility and medicinal effectiveness of plant X?,"['Seasonal Variations', 'Pests and Diseases', 'Medicinal Properties']"
"What are the key considerations for ensuring plant X thrives in sandy soils, focusing on water and nutrient management?","['Soil Requirements', 'Water Requirements', 'Fertilization Requirements']"
"Describe how plant X can be used in both culinary and medicinal applications, considering its growth conditions and benefits.","['Edible Properties', 'Medicinal Properties', 'Benefits']"
What are the best practices for the cultivation and harvesting of plant X to maximize its pharmacological properties?,"['Cultivation Techniques', 'Pharmacological Properties']"
"How can plant X be optimized for both aesthetic and functional roles in landscaping, considering its growth habit and benefits?","['Growth Habit', 'Benefits', 'Description']"
"Discuss the integration of plant X into mixed cropping systems, with a focus on its impact on soil health and pest dynamics.","['Cultivation Techniques', 'Soil Requirements', 'Pests and Diseases']"
What are the implications of biotic and abiotic stressors on the physiological traits and survival of plant X?,"['Growth Habit', 'Pests and Diseases']"
How can the use of advanced sensor technology in agriculture help in optimizing the growth conditions for plant X?,"['Cultivation Techniques', 'Water Requirements', 'Light Conditions']"
What are the ethical implications of cultivating plant X for commercial use in pharmaceuticals?,"['Cultivation Techniques', 'Medicinal Properties', 'Benefits']"
How can the adaptation of plant X to different climatic zones be achieved through selective breeding or genetic modification?,"['Cultivation Techniques', 'Seasonal Variations']"
"Discuss the role of plant X in biodynamic farming, particularly its influence on soil quality and pest management.","['Cultivation Techniques', 'Soil Requirements', 'Pests and Diseases']"
"How does plant X interact with its ecosystem, particularly in terms of attracting beneficial insects and repelling pests?","['Benefits', 'Pests and Diseases']"
"What are the best practices for ensuring plant X's resilience to climate-induced stress, particularly in terms of water and soil management?","['Water Requirements', 'Soil Requirements', 'Seasonal Variations']"
"How do the root architecture and soil texture influence the water and nutrient uptake of plant X, and what implications does this have for fertilization practices?","['Soil Requirements', 'Water Requirements', 'Fertilization Requirements']"
"What role does plant X play in agroforestry systems, particularly in terms of its impact on soil health and biodiversity?","['Cultivation Techniques', 'Soil Requirements', 'Benefits']"
Discuss how plant X can be incorporated into crop rotation schemes to enhance soil fertility and manage pests naturally.,"['Cultivation Techniques', 'Soil Requirements', 'Pests and Diseases']"
What are the synergistic effects of combining organic and inorganic fertilizers on the growth and medicinal quality of plant X?,"['Fertilization Requirements', 'Medicinal Properties']"
"How does plant X respond to different pruning techniques, and what are the implications for its growth habit and yield?","['Cultivation Techniques', 'Growth Habit']"
Can the allelopathic properties of plant X be utilized to control weeds and pests in mixed cropping systems?,"['Pests and Diseases', 'Benefits', 'Cultivation Techniques']"
"What are the optimal harvesting times for plant X to maximize its medicinal and edible properties, and how does this vary by climate?","['Medicinal Properties', 'Edible Properties', 'Seasonal Variations']"
"How does the microclimate within a greenhouse affect the light and water requirements of plant X, and what are the best practices for managing these conditions?","['Light Conditions', 'Water Requirements', 'Cultivation Techniques']"
"Discuss the potential of plant X in phytoremediation projects, particularly focusing on its ability to improve soil structure and extract heavy metals.","['Benefits', 'Soil Requirements']"
What are the implications of genetic diversity within plant X populations for disease resistance and pharmacological properties?,"['Pests and Diseases', 'Pharmacological Properties']"
How can intercropping with plant X improve the overall resilience of agricultural ecosystems to pests and diseases?,"['Cultivation Techniques', 'Pests and Diseases', 'Benefits']"
"What are the challenges and benefits of using plant X in vertical farming, particularly concerning its light and water needs?","['Cultivation Techniques', 'Light Conditions', 'Water Requirements']"
"Discuss the impact of climate change on the phenology and pharmacological effectiveness of plant X, particularly in different geographic regions.","['Pharmacological Properties', 'Seasonal Variations', 'Description']"
"What strategies can be employed to enhance the adaptability of plant X to varying soil pH levels, and how does this affect its growth and medicinal properties?","['Soil Requirements', 'Growth Habit', 'Medicinal Properties']"
How do fluctuations in daylight and temperature affect the flowering and seed production of plant X?,"['Light Conditions', 'Seasonal Variations', 'Growth Habit']"
What integrated approaches can be taken to manage both abiotic and biotic stress factors in plant X cultivation?,"['Cultivation Techniques', 'Pests and Diseases', 'Seasonal Variations']"
How can the edaphic factors be manipulated to optimize the growth conditions of plant X for higher yield and quality?,"['Soil Requirements', 'Growth Habit', 'Cultivation Techniques']"
"What are the biochemical mechanisms through which plant X exhibits medicinal properties, and how are these influenced by environmental factors?","['Medicinal Properties', 'Pharmacological Properties', 'Environmental Impact']"
How can plant X be utilized in sustainable landscaping to provide both aesthetic and environmental benefits?,"['Cultivation Techniques', 'Benefits', 'Description']"
"Discuss the role of plant X in traditional and modern medicinal systems, focusing on its pharmacological properties and usage variations.","['Medicinal Properties', 'Pharmacological Properties', 'Description']"
What are the effects of different mulching materials on the water conservation and soil temperature of plant X?,"['Water Requirements', 'Soil Requirements']"
How does plant X interact with microbial communities in the soil to enhance its growth and resistance to diseases?,"['Growth Habit', 'Soil Requirements', 'Pests and Diseases']"
"What are the challenges of cultivating plant X in arid environments, and how can these be overcome to maintain crop yield and quality?","['Cultivation Techniques', 'Water Requirements', 'Soil Requirements']"
How do variations in nutrient availability affect the expression of pharmacological compounds in plant X?,"['Pharmacological Properties', 'Fertilization Requirements']"
"What conservation strategies are effective for preserving the genetic stock of plant X, particularly in the face of habitat loss and climate change?","['Cultivation Techniques', 'Seasonal Variations', 'Environmental Impact']"
How can the cultivation of plant X be optimized in urban agricultural setups to maximize space and resource efficiency?,"['Cultivation Techniques', 'Soil Requirements', 'Light Conditions']"
"What are the potential health impacts of long-term consumption of plant X, particularly regarding its pharmacological and toxicological aspects?","['Medicinal Properties', 'Pharmacological Properties', 'Benefits']"
"Discuss the feasibility of using plant X as a bioindicator for environmental pollution, focusing on its response to air and soil contaminants.","['Benefits', 'Environmental Impact', 'Soil Requirements']"
How can the principles of precision agriculture be applied to the cultivation of plant X to enhance efficiency and sustainability?,"['Cultivation Techniques', 'Fertilization Requirements', 'Water Requirements']"
What are the economic and environmental benefits of adopting a biodynamic approach to cultivating plant X?,"['Cultivation Techniques', 'Benefits', 'Environmental Impact']"
How does the interaction between plant X and pollinators affect its reproductive success and ecological benefits?,"['Benefits', 'Growth Habit', 'Environmental Impact']"
What are the implications of synthetic agrochemicals on the ecological roles and medicinal qualities of plant X?,"['Pests and Diseases', 'Medicinal Properties', 'Environmental Impact']"
How can drone technology be utilized to monitor and optimize the water and fertilizer needs of plant X in real-time?,"['Cultivation Techniques', 'Water Requirements', 'Fertilization Requirements']"
Discuss the impact of soil compaction on the root development and water absorption capabilities of plant X.,"['Soil Requirements', 'Water Requirements', 'Growth Habit']"
What are the best practices for ensuring the quality and efficacy of plant X when used in herbal medicine formulations?,"['Medicinal Properties', 'Cultivation Techniques']"
How can the application of controlled-release fertilizers benefit plant X in terms of growth stability and environmental impact?,"['Fertilization Requirements', 'Environmental Impact', 'Growth Habit']"
"Discuss the potential of plant X for use in green roofing systems, focusing on its light, water, and soil requirements.","['Cultivation Techniques', 'Light Conditions', 'Water Requirements']"
What are the socio-economic impacts of commercializing plant X as a staple food crop in developing regions?,"['Cultivation Techniques', 'Edible Properties', 'Benefits']"
How does exposure to different types of light influence the photosynthetic efficiency and stress tolerance of plant X?,"['Light Conditions', 'Growth Habit']"
Discuss the challenges and techniques of breeding plant X to enhance its resistance to specific pests and diseases.,"['Pests and Diseases', 'Cultivation Techniques']"
How can the aesthetic and functional uses of plant X be balanced in urban landscape design?,"['Cultivation Techniques', 'Benefits', 'Description']"
"What are the key considerations for implementing a successful conservation program for plant X, focusing on habitat and genetic diversity?","['Environmental Impact', 'Cultivation Techniques']"
How does the presence of plant X affect the overall biodiversity and ecological balance of its environment?,"['Benefits', 'Environmental Impact']"
"What are the best practices for utilizing plant X in passive hydroponic systems, and what are the implications for nutrient delivery and waste reduction?","['Cultivation Techniques', 'Water Requirements', 'Fertilization Requirements']"
"Discuss the role of plant X in community-supported agriculture projects, particularly in terms of economic sustainability and community engagement.","['Cultivation Techniques', 'Benefits', 'Economic Aspects']"
What are the implications for food security when integrating plant X into agricultural systems in climate-vulnerable regions?,"['Cultivation Techniques', 'Benefits', 'Seasonal Variations']"
Is plant X frost resistant?,['Seasonal Variations']
Does plant X require full sun?,['Light Conditions']
Can plant X be grown in tropical climates?,['Seasonal Variations']
Is plant X suitable for indoor cultivation?,['Cultivation Techniques']
How often should plant X be watered?,['Water Requirements']
What type of soil is best for plant X?,['Soil Requirements']
Does plant X attract bees?,['Benefits']
Can plant X be used in salads?,['Edible Properties']
Is plant X toxic to pets?,['Pests and Diseases']
How tall does plant X grow?,['Growth Habit']
Does plant X have medicinal uses?,['Medicinal Properties']
What is the bloom color of plant X?,['Description']
Does plant X need a lot of fertilizer?,['Fertilization Requirements']
Can plant X survive drought conditions?,['Water Requirements']
Is plant X invasive?,['Pests and Diseases']
What are the common pests for plant X?,['Pests and Diseases']
Can plant X be propagated from seeds?,['Cultivation Techniques']
Does plant X produce fruit?,['Edible Properties']
How fast does plant X spread?,['Growth Habit']
Is plant X good for ground cover?,['Benefits']
Does plant X prefer acidic soil?,['Soil Requirements']
Can plant X tolerate low light?,['Light Conditions']
What are the health benefits of plant X?,['Benefits']
Is plant X evergreen?,['Description']
How does plant X react to high humidity?,['Water Requirements']
Can plant X be used as a spice?,['Edible Properties']
Does plant X help in air purification?,['Benefits']
What is the ideal temperature for growing plant X?,['Seasonal Variations']
Can plant X be used for essential oils?,['Pharmacological Properties']
Is plant X deer resistant?,['Pests and Diseases']
Does plant X need special care during winter?,['Seasonal Variations']
What are the antifungal properties of plant X?,['Pharmacological Properties']
Does plant X help with erosion control?,['Benefits']
Can plant X be grown in sandy soil?,['Soil Requirements']
What is the best time to prune plant X?,['Cultivation Techniques']
Does plant X have any allergenic effects?,['Medicinal Properties']
How do you harvest plant X?,['Cultivation Techniques']
What are the flowering periods of plant X?,['Seasonal Variations']
Can plant X be used in rock gardens?,['Cultivation Techniques']
Does plant X have any special watering needs?,['Water Requirements']
What minerals does plant X require most?,['Fertilization Requirements']
Is plant X suitable for container gardening?,['Cultivation Techniques']
How do you prevent diseases in plant X?,['Pests and Diseases']
Can plant X thrive in clay soil?,['Soil Requirements']
What is the natural habitat of plant X?,['Description']
Does plant X need mulching?,['Cultivation Techniques']
Can plant X be used as a hedge?,['Benefits']
What are the symptoms of overwatering plant X?,['Water Requirements']
Is plant X effective in attracting pollinators?,['Benefits']
How resistant is plant X to pests?,['Pests and Diseases']
Can plant X be used in traditional medicine?,['Medicinal Properties']
Does plant X require any specific light conditions?,['Light Conditions']
What are the antioxidant levels in plant X?,['Pharmacological Properties']
Can plant X be grown without pesticides?,['Cultivation Techniques']
What is the life span of plant X?,['Growth Habit']
Does plant X produce seeds annually?,['Reproductive Properties']
How does plant X respond to pruning?,['Cultivation Techniques']
What colors are available in plant X varieties?,['Description']
Can plant X be affected by root rot?,['Pests and Diseases']
What is the best method to propagate plant X?,['Cultivation Techniques']
Does plant X need shade to thrive?,['Light Conditions']
What are the best companion plants for plant X?,['Cultivation Techniques']
